Observation,Energy
50001,48.25454545454546
50002,90.61818181818182
50003,60.472727272727276
50004,79.0909090909091
50005,45.96363636363636
50006,64.9090909090909
50007,122.03636363636363
50008,43.74545454545454
50009,175.63636363636363
50010,37.45454545454545
50011,49.70909090909091
50012,78.8
50013,51.78181818181818
50014,95.34545454545454
50015,57.38181818181818
50016,105.12727272727273
50017,58.872727272727275
50018,330.2909090909091
50019,58.945454545454545
50020,85.78181818181818
50021,65.27272727272727
50022,217.27272727272728
50023,107.85454545454546
50024,73.49090909090908
50025,62.21818181818182
50026,77.38181818181818
50027,239.2
50028,281.45454545454544
50029,42.43636363636364
50030,50.50909090909091
50031,58.18181818181818
50032,87.63636363636364
50033,66.65454545454546
50034,54.32727272727273
50035,154.29090909090908
50036,55.127272727272725
50037,54.32727272727273
50038,63.85454545454545
50039,117.45454545454545
50040,42.0
50041,53.09090909090909
50042,53.41818181818182
50043,56.07272727272727
50044,113.52727272727273
50045,84.65454545454546
50046,52.836363636363636
50047,49.81818181818182
50048,54.21818181818182
50049,44.58181818181818
50050,93.85454545454546
50051,137.2
50052,46.8
50053,61.49090909090909
50054,222.5818181818182
50055,134.36363636363637
50056,47.96363636363636
50057,47.41818181818182
50058,126.94545454545455
50059,54.72727272727273
50060,299.05454545454546
50061,70.58181818181818
50062,43.38181818181818
50063,51.85454545454545
50064,83.49090909090908
50065,38.50909090909091
50066,80.21818181818182
50067,134.65454545454546
50068,49.6
50069,199.16363636363636
50070,60.654545454545456
50071,158.1818181818182
50072,137.4181818181818
50073,173.0909090909091
50074,52.58181818181818
50075,42.32727272727273
50076,58.61818181818182
50077,54.836363636363636
50078,112.72727272727273
50079,122.58181818181818
50080,63.81818181818182
50081,69.45454545454545
50082,50.18181818181818
50083,56.43636363636364
50084,45.27272727272727
50085,68.65454545454546
50086,70.47272727272727
50087,144.36363636363637
50088,61.127272727272725
50089,57.89090909090909
50090,180.98181818181817
50091,47.92727272727273
50092,60.10909090909091
50093,162.9090909090909
50094,182.61818181818182
50095,64.36363636363636
50096,52.69090909090909
50097,50.69090909090909
50098,58.472727272727276
50099,82.36363636363636
50100,117.34545454545454
50101,37.236363636363635
50102,60.69090909090909
50103,70.4
50104,128.4
50105,85.89090909090909
50106,59.74545454545454
50107,60.50909090909091
50108,173.4909090909091
50109,56.654545454545456
50110,48.50909090909091
50111,51.09090909090909
50112,175.05454545454546
50113,55.2
50114,63.054545454545455
50115,62.54545454545455
50116,50.836363636363636
50117,62.872727272727275
50118,49.163636363636364
50119,184.54545454545453
50120,150.03636363636363
50121,194.72727272727272
50122,64.03636363636363
50123,63.49090909090909
50124,81.41818181818182
50125,49.96363636363636
50126,246.94545454545454
50127,84.8
50128,41.78181818181818
50129,117.38181818181818
50130,57.78181818181818
50131,200.4
50132,50.981818181818184
50133,55.67272727272727
50134,140.0
50135,58.90909090909091
50136,161.05454545454546
50137,354.1818181818182
50138,67.89090909090909
50139,51.163636363636364
50140,41.70909090909091
50141,414.6181818181818
50142,232.03636363636363
50143,60.69090909090909
50144,47.89090909090909
50145,89.67272727272727
50146,46.36363636363637
50147,89.38181818181818
50148,80.50909090909092
50149,91.85454545454546
50150,108.10909090909091
50151,251.6
50152,57.236363636363635
50153,109.89090909090909
50154,52.654545454545456
50155,57.2
50156,84.58181818181818
50157,98.8
50158,96.8
50159,50.763636363636365
50160,57.85454545454545
50161,79.16363636363636
50162,45.49090909090909
50163,70.72727272727273
50164,92.14545454545454
50165,160.0
50166,94.8
50167,101.0909090909091
50168,113.52727272727273
50169,50.18181818181818
50170,45.92727272727273
50171,85.05454545454545
50172,63.96363636363636
50173,49.45454545454545
50174,65.96363636363637
50175,65.01818181818182
50176,148.43636363636364
50177,58.836363636363636
50178,45.41818181818182
50179,43.6
50180,71.81818181818181
50181,207.63636363636363
50182,63.127272727272725
50183,51.2
50184,54.763636363636365
50185,58.472727272727276
50186,110.03636363636363
50187,186.6909090909091
50188,49.6
50189,67.74545454545455
50190,104.61818181818182
50191,102.14545454545454
50192,52.43636363636364
50193,59.74545454545454
50194,110.32727272727273
50195,55.89090909090909
50196,56.981818181818184
50197,42.4
50198,185.2
50199,51.70909090909091
50200,251.8181818181818
50201,56.72727272727273
50202,53.018181818181816
50203,394.2181818181818
50204,45.018181818181816
50205,91.81818181818181
50206,107.0909090909091
50207,51.09090909090909
50208,134.9090909090909
50209,165.56363636363636
50210,94.43636363636364
50211,60.36363636363637
50212,57.236363636363635
50213,386.0
50214,53.6
50215,172.3272727272727
50216,47.92727272727273
50217,47.96363636363636
50218,52.10909090909091
50219,110.10909090909091
50220,64.0
50221,75.92727272727272
50222,53.63636363636363
50223,31.818181818181817
50224,96.03636363636363
50225,58.10909090909091
50226,110.83636363636364
50227,117.0909090909091
50228,62.654545454545456
50229,58.945454545454545
50230,149.6
50231,451.1636363636364
50232,448.6545454545454
50233,57.45454545454545
50234,157.70909090909092
50235,190.94545454545454
50236,109.92727272727272
50237,49.38181818181818
50238,62.8
50239,48.03636363636364
50240,71.96363636363637
50241,38.8
50242,58.29090909090909
50243,52.25454545454546
50244,56.61818181818182
50245,62.14545454545455
50246,188.98181818181817
50247,87.45454545454545
50248,67.85454545454546
50249,206.72727272727272
50250,97.05454545454545
50251,39.81818181818182
50252,60.36363636363637
50253,99.0909090909091
50254,50.763636363636365
50255,86.83636363636364
50256,62.43636363636364
50257,37.74545454545454
50258,342.03636363636366
50259,71.16363636363636
50260,125.89090909090909
50261,106.21818181818182
50262,51.92727272727273
50263,68.65454545454546
50264,96.18181818181819
50265,46.36363636363637
50266,45.345454545454544
50267,56.8
50268,103.56363636363636
50269,74.65454545454546
50270,141.38181818181818
50271,114.36363636363636
50272,123.7090909090909
50273,166.03636363636363
50274,62.25454545454546
50275,58.0
50276,81.67272727272727
50277,308.9818181818182
50278,48.43636363636364
50279,47.38181818181818
50280,53.38181818181818
50281,56.18181818181818
50282,64.32727272727273
50283,168.1818181818182
50284,68.47272727272727
50285,56.50909090909091
50286,94.83636363636364
50287,44.36363636363637
50288,115.2
50289,67.63636363636364
50290,48.72727272727273
50291,60.4
50292,43.78181818181818
50293,53.96363636363636
50294,45.41818181818182
50295,144.1818181818182
50296,62.21818181818182
50297,220.8
50298,58.18181818181818
50299,82.10909090909091
50300,163.05454545454546
50301,47.27272727272727
50302,104.72727272727273
50303,87.23636363636363
50304,204.43636363636364
50305,44.72727272727273
50306,141.4181818181818
50307,43.30909090909091
50308,50.0
50309,66.61818181818182
50310,46.8
50311,160.72727272727272
50312,60.21818181818182
50313,107.30909090909091
50314,78.36363636363636
50315,40.981818181818184
50316,122.76363636363637
50317,59.163636363636364
50318,62.4
50319,72.2909090909091
50320,71.01818181818182
50321,53.89090909090909
50322,208.5090909090909
50323,53.81818181818182
50324,54.58181818181818
50325,102.10909090909091
50326,83.56363636363636
50327,115.34545454545454
50328,71.52727272727273
50329,50.54545454545455
50330,55.67272727272727
50331,78.58181818181818
50332,74.9090909090909
50333,60.61818181818182
50334,56.61818181818182
50335,273.3454545454546
50336,56.4
50337,139.4181818181818
50338,52.472727272727276
50339,47.70909090909091
50340,62.654545454545456
50341,40.10909090909091
50342,58.72727272727273
50343,39.09090909090909
50344,80.61818181818182
50345,37.45454545454545
50346,168.43636363636364
50347,56.763636363636365
50348,55.30909090909091
50349,56.29090909090909
50350,82.4
50351,56.90909090909091
50352,106.9090909090909
50353,275.2
50354,51.45454545454545
50355,54.54545454545455
50356,82.87272727272727
50357,322.54545454545456
50358,60.763636363636365
50359,62.472727272727276
50360,83.56363636363636
50361,125.05454545454545
50362,120.72727272727273
50363,46.21818181818182
50364,128.1818181818182
50365,62.69090909090909
50366,52.58181818181818
50367,126.9090909090909
50368,294.90909090909093
50369,41.6
50370,119.7090909090909
50371,376.4727272727273
50372,50.0
50373,252.65454545454546
50374,107.81818181818181
50375,362.8
50376,79.7090909090909
50377,92.76363636363637
50378,83.30909090909091
50379,63.27272727272727
50380,314.5090909090909
50381,93.27272727272727
50382,82.18181818181819
50383,46.58181818181818
50384,63.81818181818182
50385,58.4
50386,56.07272727272727
50387,75.7090909090909
50388,40.90909090909091
50389,36.69090909090909
50390,54.10909090909091
50391,130.43636363636364
50392,50.945454545454545
50393,56.03636363636364
50394,62.90909090909091
50395,216.25454545454545
50396,59.78181818181818
50397,51.96363636363636
50398,133.78181818181818
50399,86.14545454545454
50400,47.63636363636363
50401,48.945454545454545
50402,74.2909090909091
50403,98.10909090909091
50404,65.78181818181818
50405,32.945454545454545
50406,128.6909090909091
50407,60.36363636363637
50408,171.92727272727274
50409,152.0
50410,188.8
50411,52.472727272727276
50412,102.43636363636364
50413,42.07272727272727
50414,93.89090909090909
50415,147.8909090909091
50416,54.69090909090909
50417,59.127272727272725
50418,82.4
50419,39.74545454545454
50420,125.45454545454545
50421,110.43636363636364
50422,62.03636363636364
50423,68.32727272727273
50424,73.27272727272727
50425,236.36363636363637
50426,101.41818181818182
50427,64.98181818181818
50428,115.41818181818182
50429,101.67272727272727
50430,163.4181818181818
50431,54.8
50432,62.54545454545455
50433,50.8
50434,47.49090909090909
50435,53.63636363636363
50436,59.27272727272727
50437,80.25454545454545
50438,116.58181818181818
50439,207.16363636363636
50440,66.07272727272728
50441,61.09090909090909
50442,50.21818181818182
50443,44.07272727272727
50444,94.43636363636364
50445,429.4909090909091
50446,87.81818181818181
50447,41.96363636363636
50448,52.36363636363637
50449,60.945454545454545
50450,89.12727272727273
50451,205.8909090909091
50452,50.29090909090909
50453,45.6
50454,45.63636363636363
50455,50.36363636363637
50456,61.85454545454545
50457,48.872727272727275
50458,49.2
50459,118.61818181818182
50460,88.9090909090909
50461,44.32727272727273
50462,262.3272727272727
50463,69.38181818181818
50464,142.98181818181817
50465,38.03636363636364
50466,94.87272727272727
50467,146.83636363636364
50468,180.6909090909091
50469,76.10909090909091
50470,59.6
50471,80.98181818181818
50472,44.58181818181818
50473,88.03636363636363
50474,89.6
50475,65.56363636363636
50476,62.472727272727276
50477,54.32727272727273
50478,71.30909090909091
50479,65.56363636363636
50480,62.29090909090909
50481,82.4
50482,141.92727272727274
50483,39.70909090909091
50484,55.236363636363635
50485,291.5272727272727
50486,54.61818181818182
50487,47.345454545454544
50488,104.61818181818182
50489,360.03636363636366
50490,59.6
50491,127.16363636363636
50492,187.70909090909092
50493,40.4
50494,54.0
50495,60.18181818181818
50496,63.96363636363636
50497,55.2
50498,79.74545454545455
50499,179.05454545454546
50500,34.4
50501,62.43636363636364
50502,41.09090909090909
50503,68.36363636363636
50504,40.18181818181818
50505,29.236363636363638
50506,43.30909090909091
50507,50.763636363636365
50508,52.872727272727275
50509,69.67272727272727
50510,63.09090909090909
50511,77.23636363636363
50512,53.163636363636364
50513,44.945454545454545
50514,71.23636363636363
50515,107.05454545454545
50516,111.7090909090909
50517,95.45454545454545
50518,61.96363636363636
50519,135.52727272727273
50520,176.29090909090908
50521,33.236363636363635
50522,93.78181818181818
50523,101.05454545454545
50524,36.72727272727273
50525,59.2
50526,85.52727272727273
50527,44.8
50528,73.45454545454545
50529,122.47272727272727
50530,61.96363636363636
50531,77.52727272727273
50532,181.05454545454546
50533,52.472727272727276
50534,60.836363636363636
50535,81.38181818181818
50536,66.65454545454546
50537,48.8
50538,183.16363636363636
50539,157.63636363636363
50540,52.18181818181818
50541,49.054545454545455
50542,64.76363636363637
50543,62.29090909090909
50544,74.14545454545454
50545,112.14545454545454
50546,51.67272727272727
50547,116.58181818181818
50548,62.54545454545455
50549,67.49090909090908
50550,58.61818181818182
50551,50.872727272727275
50552,92.72727272727273
50553,195.4909090909091
50554,44.07272727272727
50555,40.872727272727275
50556,78.14545454545454
50557,42.18181818181818
50558,181.45454545454547
50559,103.89090909090909
50560,159.6
50561,352.58181818181816
50562,102.8
50563,49.45454545454545
50564,50.872727272727275
50565,54.945454545454545
50566,482.3636363636364
50567,109.2
50568,49.38181818181818
50569,38.29090909090909
50570,64.50909090909092
50571,235.8181818181818
50572,218.83636363636364
50573,51.27272727272727
50574,62.58181818181818
50575,46.50909090909091
50576,77.92727272727272
50577,42.61818181818182
50578,70.47272727272727
50579,153.4181818181818
50580,88.9090909090909
50581,50.72727272727273
50582,34.18181818181818
50583,68.43636363636364
50584,58.25454545454546
50585,64.07272727272728
50586,93.01818181818182
50587,58.763636363636365
50588,35.89090909090909
50589,191.4181818181818
50590,66.0
50591,148.1818181818182
50592,80.50909090909092
50593,53.49090909090909
50594,53.345454545454544
50595,47.38181818181818
50596,70.9090909090909
50597,129.6727272727273
50598,128.5090909090909
50599,71.85454545454546
50600,52.61818181818182
50601,52.07272727272727
50602,296.5090909090909
50603,51.127272727272725
50604,100.83636363636364
50605,63.054545454545455
50606,37.2
50607,71.0909090909091
50608,56.69090909090909
50609,56.472727272727276
50610,54.61818181818182
50611,51.127272727272725
50612,37.96363636363636
50613,59.6
50614,34.54545454545455
50615,48.54545454545455
50616,79.74545454545455
50617,112.72727272727273
50618,52.10909090909091
50619,56.0
50620,57.30909090909091
50621,122.10909090909091
50622,199.8909090909091
50623,102.25454545454545
50624,89.63636363636364
50625,119.2
50626,138.8
50627,124.14545454545454
50628,95.38181818181818
50629,166.83636363636364
50630,50.50909090909091
50631,450.3636363636364
50632,109.67272727272727
50633,87.56363636363636
50634,362.8727272727273
50635,136.0
50636,265.3818181818182
50637,62.32727272727273
50638,77.85454545454546
50639,39.81818181818182
50640,93.49090909090908
50641,57.85454545454545
50642,38.69090909090909
50643,61.38181818181818
50644,53.527272727272724
50645,93.85454545454546
50646,159.34545454545454
50647,73.30909090909091
50648,54.07272727272727
50649,47.2
50650,107.92727272727272
50651,57.89090909090909
50652,50.0
50653,82.9090909090909
50654,70.43636363636364
50655,67.34545454545454
50656,75.49090909090908
50657,217.74545454545455
50658,77.05454545454545
50659,132.6909090909091
50660,111.56363636363636
50661,43.96363636363636
50662,34.43636363636364
50663,40.54545454545455
50664,62.69090909090909
50665,61.6
50666,64.0
50667,43.236363636363635
50668,38.07272727272727
50669,194.29090909090908
50670,232.8
50671,37.56363636363636
50672,57.054545454545455
50673,55.56363636363636
50674,46.0
50675,85.56363636363636
50676,54.18181818181818
50677,58.54545454545455
50678,99.49090909090908
50679,88.58181818181818
50680,102.65454545454546
50681,125.30909090909091
50682,48.763636363636365
50683,70.8
50684,68.76363636363637
50685,142.1090909090909
50686,51.45454545454545
50687,153.16363636363636
50688,47.49090909090909
50689,48.72727272727273
50690,38.945454545454545
50691,52.8
50692,233.0909090909091
50693,52.836363636363636
50694,59.56363636363636
50695,282.2181818181818
50696,46.981818181818184
50697,119.56363636363636
50698,106.83636363636364
50699,114.10909090909091
50700,37.30909090909091
50701,76.14545454545454
50702,313.5272727272727
50703,58.03636363636364
50704,35.70909090909091
50705,47.30909090909091
50706,54.32727272727273
50707,58.90909090909091
50708,187.56363636363636
50709,43.49090909090909
50710,52.654545454545456
50711,118.25454545454545
50712,48.58181818181818
50713,40.945454545454545
50714,148.47272727272727
50715,97.2
50716,51.63636363636363
50717,57.74545454545454
50718,156.3272727272727
50719,59.96363636363636
50720,79.89090909090909
50721,95.67272727272727
50722,121.27272727272727
50723,58.25454545454546
50724,67.41818181818182
50725,154.0
50726,50.4
50727,59.38181818181818
50728,259.1636363636364
50729,56.0
50730,230.83636363636364
50731,260.1818181818182
50732,75.96363636363637
50733,43.38181818181818
50734,297.8545454545455
50735,137.01818181818183
50736,164.0
50737,65.30909090909091
50738,123.45454545454545
50739,46.03636363636364
50740,60.69090909090909
50741,61.81818181818182
50742,115.74545454545455
50743,203.3090909090909
50744,43.74545454545454
50745,42.50909090909091
50746,157.05454545454546
50747,63.63636363636363
50748,227.05454545454546
50749,50.50909090909091
50750,102.76363636363637
50751,49.89090909090909
50752,136.61818181818182
50753,91.01818181818182
50754,39.163636363636364
50755,51.92727272727273
50756,73.63636363636364
50757,46.69090909090909
50758,48.763636363636365
50759,78.21818181818182
50760,61.6
50761,87.78181818181818
50762,62.32727272727273
50763,35.127272727272725
50764,66.43636363636364
50765,52.21818181818182
50766,51.236363636363635
50767,67.49090909090908
50768,69.30909090909091
50769,51.89090909090909
50770,48.8
50771,46.472727272727276
50772,131.4909090909091
50773,39.527272727272724
50774,106.10909090909091
50775,57.345454545454544
50776,116.07272727272728
50777,115.0909090909091
50778,208.94545454545454
50779,225.12727272727273
50780,61.6
50781,42.945454545454545
50782,57.127272727272725
50783,158.36363636363637
50784,205.8181818181818
50785,75.89090909090909
50786,46.0
50787,97.81818181818181
50788,154.98181818181817
50789,56.18181818181818
50790,56.10909090909091
50791,51.345454545454544
50792,62.72727272727273
50793,45.27272727272727
50794,52.872727272727275
50795,47.92727272727273
50796,76.4
50797,59.81818181818182
50798,223.45454545454547
50799,208.98181818181817
50800,118.4
50801,405.0181818181818
50802,99.78181818181818
50803,71.49090909090908
50804,122.83636363636364
50805,174.07272727272726
50806,45.89090909090909
50807,82.8
50808,117.16363636363636
50809,61.38181818181818
50810,92.8
50811,42.21818181818182
50812,170.8
50813,104.07272727272728
50814,325.74545454545455
50815,58.872727272727275
50816,44.981818181818184
50817,72.0
50818,109.56363636363636
50819,67.34545454545454
50820,159.27272727272728
50821,43.81818181818182
50822,176.72727272727272
50823,51.45454545454545
50824,336.9818181818182
50825,53.27272727272727
50826,60.945454545454545
50827,190.47272727272727
50828,52.36363636363637
50829,45.236363636363635
50830,53.81818181818182
50831,83.63636363636364
50832,116.58181818181818
50833,70.32727272727273
50834,67.45454545454545
50835,50.872727272727275
50836,49.67272727272727
50837,141.45454545454547
50838,49.6
50839,62.29090909090909
50840,65.30909090909091
50841,123.63636363636364
50842,41.85454545454545
50843,101.6
50844,57.96363636363636
50845,59.236363636363635
50846,35.81818181818182
50847,93.56363636363636
50848,59.70909090909091
50849,54.03636363636364
50850,52.14545454545455
50851,34.07272727272727
50852,78.0
50853,38.50909090909091
50854,50.21818181818182
50855,96.43636363636364
50856,115.56363636363636
50857,73.67272727272727
50858,40.36363636363637
50859,57.67272727272727
50860,44.21818181818182
50861,151.6727272727273
50862,51.85454545454545
50863,111.41818181818182
50864,91.45454545454545
50865,171.4909090909091
50866,75.52727272727273
50867,48.43636363636364
50868,157.38181818181818
50869,71.85454545454546
50870,37.78181818181818
50871,62.54545454545455
50872,59.85454545454545
50873,175.92727272727274
50874,53.70909090909091
50875,99.89090909090909
50876,349.2
50877,91.78181818181818
50878,109.30909090909091
50879,111.12727272727273
50880,155.70909090909092
50881,64.2909090909091
50882,309.74545454545455
50883,126.18181818181819
50884,74.2909090909091
50885,142.1090909090909
50886,222.25454545454545
50887,101.05454545454545
50888,38.472727272727276
50889,281.7818181818182
50890,73.45454545454545
50891,62.14545454545455
50892,41.2
50893,131.27272727272728
50894,52.50909090909091
50895,55.30909090909091
50896,68.43636363636364
50897,57.96363636363636
50898,80.98181818181818
50899,55.527272727272724
50900,147.6727272727273
50901,51.054545454545455
50902,90.76363636363637
50903,61.63636363636363
50904,59.70909090909091
50905,60.763636363636365
50906,30.98181818181818
50907,65.7090909090909
50908,69.27272727272727
50909,71.89090909090909
50910,218.83636363636364
50911,62.654545454545456
50912,44.10909090909091
50913,72.32727272727273
50914,184.03636363636363
50915,63.27272727272727
50916,91.49090909090908
50917,124.98181818181818
50918,77.63636363636364
50919,92.9090909090909
50920,57.63636363636363
50921,224.54545454545453
50922,258.2181818181818
50923,107.92727272727272
50924,155.8909090909091
50925,72.03636363636363
50926,204.83636363636364
50927,64.2909090909091
50928,78.03636363636363
50929,62.836363636363636
50930,67.34545454545454
50931,48.90909090909091
50932,86.07272727272728
50933,35.56363636363636
50934,91.81818181818181
50935,152.1818181818182
50936,45.41818181818182
50937,61.345454545454544
50938,104.65454545454546
50939,26.327272727272728
50940,81.27272727272727
50941,37.30909090909091
50942,88.72727272727273
50943,52.29090909090909
50944,134.21818181818182
50945,52.18181818181818
50946,51.56363636363636
50947,67.23636363636363
50948,53.56363636363636
50949,50.61818181818182
50950,93.2
50951,54.763636363636365
50952,51.49090909090909
50953,95.78181818181818
50954,34.8
50955,157.38181818181818
50956,65.78181818181818
50957,53.85454545454545
50958,146.14545454545456
50959,53.6
50960,252.8
50961,44.36363636363637
50962,137.38181818181818
50963,44.25454545454546
50964,227.70909090909092
50965,52.945454545454545
50966,54.981818181818184
50967,184.94545454545454
50968,69.78181818181818
50969,57.127272727272725
50970,164.03636363636363
50971,58.54545454545455
50972,48.03636363636364
50973,72.61818181818182
50974,147.05454545454546
50975,103.01818181818182
50976,52.29090909090909
50977,64.94545454545455
50978,62.945454545454545
50979,52.8
50980,43.70909090909091
50981,42.07272727272727
50982,106.03636363636363
50983,455.3818181818182
50984,149.4909090909091
50985,56.50909090909091
50986,134.72727272727272
50987,93.74545454545455
50988,111.41818181818182
50989,224.43636363636364
50990,42.72727272727273
50991,56.72727272727273
50992,66.21818181818182
50993,73.89090909090909
50994,39.56363636363636
50995,56.654545454545456
50996,55.054545454545455
50997,135.34545454545454
50998,54.981818181818184
50999,135.05454545454546
51000,35.74545454545454
51001,96.07272727272728
51002,68.2909090909091
51003,53.78181818181818
51004,52.872727272727275
51005,150.21818181818182
51006,46.25454545454546
51007,65.92727272727272
51008,120.47272727272727
51009,43.56363636363636
51010,295.74545454545455
51011,70.14545454545454
51012,68.61818181818182
51013,62.72727272727273
51014,134.87272727272727
51015,83.74545454545455
51016,93.38181818181818
51017,54.18181818181818
51018,62.872727272727275
51019,68.72727272727273
51020,42.07272727272727
51021,49.85454545454545
51022,248.5818181818182
51023,38.54545454545455
51024,135.4181818181818
51025,32.36363636363637
51026,114.21818181818182
51027,71.12727272727273
51028,53.89090909090909
51029,66.98181818181818
51030,113.56363636363636
51031,50.472727272727276
51032,110.87272727272727
51033,48.0
51034,241.16363636363636
51035,67.92727272727272
51036,43.41818181818182
51037,198.65454545454546
51038,39.527272727272724
51039,137.92727272727274
51040,155.45454545454547
51041,38.14545454545455
51042,61.92727272727273
51043,49.018181818181816
51044,60.58181818181818
51045,119.92727272727272
51046,52.58181818181818
51047,106.4
51048,287.41818181818184
51049,69.30909090909091
51050,77.78181818181818
51051,109.2
51052,176.1818181818182
51053,45.6
51054,71.92727272727272
51055,51.67272727272727
51056,62.14545454545455
51057,95.34545454545454
51058,110.58181818181818
51059,70.54545454545455
51060,96.61818181818182
51061,41.70909090909091
51062,342.5090909090909
51063,118.25454545454545
51064,110.03636363636363
51065,44.54545454545455
51066,92.65454545454546
51067,125.0909090909091
51068,50.14545454545455
51069,174.61818181818182
51070,60.32727272727273
51071,182.29090909090908
51072,144.47272727272727
51073,109.27272727272727
51074,44.8
51075,39.018181818181816
51076,124.07272727272728
51077,258.6181818181818
51078,56.981818181818184
51079,69.52727272727273
51080,67.67272727272727
51081,120.32727272727273
51082,143.56363636363636
51083,51.163636363636364
51084,58.472727272727276
51085,180.3272727272727
51086,37.163636363636364
51087,69.6
51088,118.4
51089,139.38181818181818
51090,83.78181818181818
51091,112.03636363636363
51092,383.2
51093,163.52727272727273
51094,52.29090909090909
51095,278.0
51096,160.87272727272727
51097,207.34545454545454
51098,51.56363636363636
51099,51.127272727272725
51100,58.90909090909091
51101,48.58181818181818
51102,57.63636363636363
51103,88.32727272727273
51104,58.763636363636365
51105,47.96363636363636
51106,95.16363636363636
51107,72.87272727272727
51108,69.41818181818182
51109,54.21818181818182
51110,83.23636363636363
51111,107.52727272727273
51112,52.03636363636364
51113,61.236363636363635
51114,61.054545454545455
51115,57.45454545454545
51116,81.67272727272727
51117,88.87272727272727
51118,44.654545454545456
51119,52.763636363636365
51120,64.50909090909092
51121,46.472727272727276
51122,85.49090909090908
51123,71.7090909090909
51124,40.14545454545455
51125,61.96363636363636
51126,71.78181818181818
51127,92.4
51128,105.16363636363636
51129,92.25454545454545
51130,99.89090909090909
51131,252.29090909090908
51132,147.6
51133,55.018181818181816
51134,194.98181818181817
51135,73.89090909090909
51136,147.01818181818183
51137,94.94545454545455
51138,116.43636363636364
51139,177.05454545454546
51140,87.05454545454545
51141,98.8
51142,59.96363636363636
51143,333.7818181818182
51144,67.74545454545455
51145,81.67272727272727
51146,62.25454545454546
51147,306.2181818181818
51148,46.32727272727273
51149,49.38181818181818
51150,161.2
51151,103.16363636363636
51152,58.0
51153,47.2
51154,48.18181818181818
51155,61.45454545454545
51156,60.981818181818184
51157,157.01818181818183
51158,135.78181818181818
51159,64.58181818181818
51160,99.12727272727273
51161,170.8
51162,65.52727272727273
51163,56.981818181818184
51164,76.87272727272727
51165,77.74545454545455
51166,40.872727272727275
51167,53.49090909090909
51168,72.83636363636364
51169,53.345454545454544
51170,138.21818181818182
51171,45.70909090909091
51172,88.07272727272728
51173,99.0909090909091
51174,220.14545454545456
51175,102.4
51176,48.836363636363636
51177,92.76363636363637
51178,119.89090909090909
51179,48.03636363636364
51180,65.27272727272727
51181,194.4
51182,43.018181818181816
51183,51.63636363636363
51184,39.63636363636363
51185,115.78181818181818
51186,34.07272727272727
51187,84.43636363636364
51188,173.01818181818183
51189,38.4
51190,53.27272727272727
51191,136.9090909090909
51192,90.69090909090909
51193,76.18181818181819
51194,40.21818181818182
51195,53.96363636363636
51196,68.47272727272727
51197,53.6
51198,150.83636363636364
51199,51.96363636363636
51200,343.8909090909091
51201,65.45454545454545
51202,56.21818181818182
51203,139.96363636363637
51204,114.58181818181818
51205,62.61818181818182
51206,102.76363636363637
51207,59.127272727272725
51208,56.763636363636365
51209,186.36363636363637
51210,117.78181818181818
51211,114.21818181818182
51212,52.50909090909091
51213,68.83636363636364
51214,71.38181818181818
51215,38.69090909090909
51216,46.50909090909091
51217,143.6
51218,358.4727272727273
51219,45.81818181818182
51220,79.34545454545454
51221,78.9090909090909
51222,68.50909090909092
51223,46.72727272727273
51224,80.18181818181819
51225,57.236363636363635
51226,50.472727272727276
51227,60.981818181818184
51228,51.41818181818182
51229,72.9090909090909
51230,68.72727272727273
51231,54.21818181818182
51232,104.72727272727273
51233,94.65454545454546
51234,120.07272727272728
51235,40.945454545454545
51236,56.472727272727276
51237,51.27272727272727
51238,154.94545454545454
51239,53.527272727272724
51240,51.85454545454545
51241,72.18181818181819
51242,43.85454545454545
51243,74.0
51244,63.78181818181818
51245,50.4
51246,35.345454545454544
51247,233.8909090909091
51248,60.90909090909091
51249,62.0
51250,54.58181818181818
51251,46.36363636363637
51252,47.67272727272727
51253,55.49090909090909
51254,96.25454545454545
51255,74.72727272727273
51256,79.74545454545455
51257,96.43636363636364
51258,45.63636363636363
51259,59.96363636363636
51260,56.4
51261,98.4
51262,139.6
51263,47.70909090909091
51264,40.72727272727273
51265,46.29090909090909
51266,384.6909090909091
51267,91.27272727272727
51268,53.236363636363635
51269,178.76363636363635
51270,39.49090909090909
51271,57.67272727272727
51272,106.83636363636364
51273,113.05454545454545
51274,143.63636363636363
51275,49.054545454545455
51276,129.96363636363637
51277,92.83636363636364
51278,38.0
51279,42.36363636363637
51280,50.69090909090909
51281,57.92727272727273
51282,148.54545454545453
51283,86.43636363636364
51284,143.38181818181818
51285,115.27272727272727
51286,29.30909090909091
51287,40.61818181818182
51288,128.3272727272727
51289,115.12727272727273
51290,125.30909090909091
51291,48.763636363636365
51292,52.10909090909091
51293,166.0
51294,100.65454545454546
51295,52.29090909090909
51296,88.14545454545454
51297,60.8
51298,70.94545454545455
51299,51.81818181818182
51300,59.45454545454545
51301,220.83636363636364
51302,136.14545454545456
51303,138.5090909090909
51304,71.34545454545454
51305,183.45454545454547
51306,52.32727272727273
51307,81.7090909090909
51308,109.16363636363636
51309,74.72727272727273
51310,71.27272727272727
51311,65.89090909090909
51312,37.67272727272727
51313,58.10909090909091
51314,93.92727272727272
51315,67.0909090909091
51316,57.63636363636363
51317,148.21818181818182
51318,95.56363636363636
51319,112.2909090909091
51320,100.18181818181819
51321,63.236363636363635
51322,56.654545454545456
51323,58.14545454545455
51324,101.12727272727273
51325,49.09090909090909
51326,98.21818181818182
51327,53.70909090909091
51328,73.27272727272727
51329,50.25454545454546
51330,58.69090909090909
51331,46.32727272727273
51332,250.14545454545456
51333,49.236363636363635
51334,404.1454545454545
51335,69.12727272727273
51336,50.58181818181818
51337,94.94545454545455
51338,39.345454545454544
51339,45.30909090909091
51340,67.6
51341,58.981818181818184
51342,127.92727272727272
51343,59.78181818181818
51344,53.74545454545454
51345,114.2909090909091
51346,52.21818181818182
51347,92.76363636363637
51348,133.16363636363636
51349,254.94545454545454
51350,102.18181818181819
51351,52.8
51352,61.45454545454545
51353,62.90909090909091
51354,44.58181818181818
51355,137.01818181818183
51356,142.5090909090909
51357,62.8
51358,59.41818181818182
51359,50.69090909090909
51360,141.8909090909091
51361,52.872727272727275
51362,54.07272727272727
51363,51.2
51364,58.72727272727273
51365,58.29090909090909
51366,112.98181818181818
51367,293.56363636363636
51368,247.45454545454547
51369,86.43636363636364
51370,55.45454545454545
51371,44.43636363636364
51372,61.236363636363635
51373,188.03636363636363
51374,52.8
51375,38.654545454545456
51376,340.94545454545454
51377,135.63636363636363
51378,62.654545454545456
51379,44.32727272727273
51380,52.54545454545455
51381,109.16363636363636
51382,42.90909090909091
51383,46.03636363636364
51384,68.58181818181818
51385,97.92727272727272
51386,81.49090909090908
51387,151.4909090909091
51388,98.61818181818182
51389,56.872727272727275
51390,143.52727272727273
51391,176.8
51392,51.30909090909091
51393,65.30909090909091
51394,49.92727272727273
51395,83.23636363636363
51396,33.49090909090909
51397,72.72727272727273
51398,101.16363636363636
51399,87.0909090909091
51400,111.52727272727273
51401,297.3090909090909
51402,63.41818181818182
51403,49.236363636363635
51404,106.18181818181819
51405,47.30909090909091
51406,148.98181818181817
51407,163.96363636363637
51408,56.472727272727276
51409,220.07272727272726
51410,111.52727272727273
51411,99.63636363636364
51412,47.127272727272725
51413,49.63636363636363
51414,126.65454545454546
51415,122.43636363636364
51416,64.2909090909091
51417,230.9090909090909
51418,50.29090909090909
51419,56.18181818181818
51420,44.763636363636365
51421,141.23636363636365
51422,67.01818181818182
51423,224.6909090909091
51424,56.945454545454545
51425,40.18181818181818
51426,47.45454545454545
51427,64.50909090909092
51428,36.72727272727273
51429,55.38181818181818
51430,226.3272727272727
51431,226.36363636363637
51432,56.0
51433,64.72727272727273
51434,121.12727272727273
51435,284.6181818181818
51436,60.18181818181818
51437,55.09090909090909
51438,59.30909090909091
51439,86.50909090909092
51440,51.163636363636364
51441,108.32727272727273
51442,122.94545454545455
51443,45.345454545454544
51444,60.54545454545455
51445,125.7090909090909
51446,157.27272727272728
51447,204.21818181818182
51448,52.18181818181818
51449,66.4
51450,124.32727272727273
51451,60.03636363636364
51452,112.98181818181818
51453,191.38181818181818
51454,93.89090909090909
51455,54.472727272727276
51456,52.472727272727276
51457,259.4909090909091
51458,51.63636363636363
51459,50.58181818181818
51460,55.018181818181816
51461,89.78181818181818
51462,46.8
51463,68.9090909090909
51464,46.4
51465,95.81818181818181
51466,233.12727272727273
51467,69.63636363636364
51468,36.07272727272727
51469,68.07272727272728
51470,132.9090909090909
51471,76.9090909090909
51472,42.58181818181818
51473,47.63636363636363
51474,78.32727272727273
51475,105.67272727272727
51476,189.6
51477,112.98181818181818
51478,51.27272727272727
51479,49.74545454545454
51480,89.38181818181818
51481,83.6
51482,48.21818181818182
51483,66.18181818181819
51484,74.61818181818182
51485,119.05454545454545
51486,67.45454545454545
51487,38.4
51488,79.85454545454546
51489,64.9090909090909
51490,74.10909090909091
51491,139.63636363636363
51492,328.3636363636364
51493,60.54545454545455
51494,115.0909090909091
51495,151.74545454545455
51496,113.16363636363636
51497,78.61818181818182
51498,165.01818181818183
51499,39.38181818181818
51500,179.34545454545454
51501,46.18181818181818
51502,199.74545454545455
51503,170.0
51504,49.41818181818182
51505,112.58181818181818
51506,48.4
51507,329.96363636363634
51508,117.85454545454546
51509,96.10909090909091
51510,102.32727272727273
51511,85.96363636363637
51512,71.12727272727273
51513,72.9090909090909
51514,72.65454545454546
51515,108.43636363636364
51516,103.7090909090909
51517,52.69090909090909
51518,50.25454545454546
51519,57.236363636363635
51520,74.14545454545454
51521,82.21818181818182
51522,109.78181818181818
51523,48.25454545454546
51524,35.018181818181816
51525,54.29090909090909
51526,70.07272727272728
51527,99.0909090909091
51528,68.61818181818182
51529,102.83636363636364
51530,68.18181818181819
51531,61.89090909090909
51532,93.49090909090908
51533,303.0181818181818
51534,105.23636363636363
51535,63.27272727272727
51536,53.56363636363636
51537,62.61818181818182
51538,46.4
51539,89.49090909090908
51540,81.45454545454545
51541,63.38181818181818
51542,168.87272727272727
51543,103.74545454545455
51544,181.78181818181818
51545,40.945454545454545
51546,110.47272727272727
51547,86.36363636363636
51548,60.50909090909091
51549,54.654545454545456
51550,91.01818181818182
51551,47.345454545454544
51552,268.6909090909091
51553,108.98181818181818
51554,331.7090909090909
51555,34.07272727272727
51556,282.2181818181818
51557,90.32727272727273
51558,87.23636363636363
51559,54.654545454545456
51560,79.67272727272727
51561,44.10909090909091
51562,86.10909090909091
51563,93.41818181818182
51564,54.29090909090909
51565,122.07272727272728
51566,119.63636363636364
51567,160.47272727272727
51568,52.18181818181818
51569,38.25454545454546
51570,70.0
51571,60.654545454545456
51572,49.27272727272727
51573,54.945454545454545
51574,89.67272727272727
51575,281.8909090909091
51576,59.527272727272724
51577,93.49090909090908
51578,135.8909090909091
51579,191.8181818181818
51580,47.345454545454544
51581,42.69090909090909
51582,43.127272727272725
51583,75.12727272727273
51584,84.69090909090909
51585,50.69090909090909
51586,37.85454545454545
51587,59.018181818181816
51588,39.49090909090909
51589,257.74545454545455
51590,46.981818181818184
51591,129.92727272727274
51592,54.836363636363636
51593,89.63636363636364
51594,36.472727272727276
51595,58.58181818181818
51596,44.945454545454545
51597,41.163636363636364
51598,136.25454545454545
51599,86.9090909090909
51600,31.70909090909091
51601,49.163636363636364
51602,66.4
51603,60.03636363636364
51604,90.07272727272728
51605,110.61818181818182
51606,79.2
51607,222.9090909090909
51608,33.054545454545455
51609,47.163636363636364
51610,52.61818181818182
51611,455.3818181818182
51612,83.52727272727273
51613,111.38181818181818
51614,124.50909090909092
51615,57.345454545454544
51616,52.50909090909091
51617,105.56363636363636
51618,111.56363636363636
51619,52.69090909090909
51620,104.32727272727273
51621,48.07272727272727
51622,56.54545454545455
51623,52.0
51624,58.0
51625,74.32727272727273
51626,86.14545454545454
51627,69.96363636363637
51628,50.10909090909091
51629,58.981818181818184
51630,48.0
51631,53.054545454545455
51632,92.43636363636364
51633,42.58181818181818
51634,239.70909090909092
51635,65.81818181818181
51636,86.50909090909092
51637,59.27272727272727
51638,189.92727272727274
51639,52.54545454545455
51640,89.12727272727273
51641,53.96363636363636
51642,44.18181818181818
51643,111.56363636363636
51644,57.63636363636363
51645,47.63636363636363
51646,52.61818181818182
51647,61.09090909090909
51648,52.54545454545455
51649,46.21818181818182
51650,53.74545454545454
51651,52.836363636363636
51652,37.41818181818182
51653,60.61818181818182
51654,63.27272727272727
51655,111.16363636363636
51656,133.96363636363637
51657,116.94545454545455
51658,64.50909090909092
51659,58.03636363636364
51660,101.0909090909091
51661,55.41818181818182
51662,59.054545454545455
51663,72.58181818181818
51664,48.32727272727273
51665,98.10909090909091
51666,44.69090909090909
51667,224.29090909090908
51668,93.81818181818181
51669,65.63636363636364
51670,45.67272727272727
51671,59.38181818181818
51672,53.38181818181818
51673,193.01818181818183
51674,312.8363636363636
51675,69.23636363636363
51676,135.6727272727273
51677,80.87272727272727
51678,71.41818181818182
51679,83.30909090909091
51680,50.472727272727276
51681,43.527272727272724
51682,69.63636363636364
51683,108.94545454545455
51684,56.21818181818182
51685,51.127272727272725
51686,100.43636363636364
51687,59.74545454545454
51688,76.21818181818182
51689,63.41818181818182
51690,324.4
51691,123.23636363636363
51692,55.63636363636363
51693,44.69090909090909
51694,76.21818181818182
51695,153.38181818181818
51696,31.345454545454544
51697,53.30909090909091
51698,47.30909090909091
51699,71.89090909090909
51700,72.76363636363637
51701,518.8727272727273
51702,50.0
51703,47.054545454545455
51704,53.6
51705,49.018181818181816
51706,250.76363636363635
51707,55.345454545454544
51708,55.6
51709,50.10909090909091
51710,105.12727272727273
51711,111.7090909090909
51712,99.12727272727273
51713,79.27272727272727
51714,42.763636363636365
51715,206.43636363636364
51716,153.12727272727273
51717,163.38181818181818
51718,45.6
51719,42.472727272727276
51720,341.92727272727274
51721,426.25454545454545
51722,91.7090909090909
51723,140.9090909090909
51724,49.49090909090909
51725,178.0
51726,94.94545454545455
51727,48.07272727272727
51728,47.27272727272727
51729,349.96363636363634
51730,81.81818181818181
51731,58.872727272727275
51732,148.47272727272727
51733,44.90909090909091
51734,79.56363636363636
51735,60.872727272727275
51736,59.56363636363636
51737,61.45454545454545
51738,115.52727272727273
51739,560.6181818181818
51740,49.96363636363636
51741,60.654545454545456
51742,105.34545454545454
51743,95.2
51744,39.38181818181818
51745,50.90909090909091
51746,55.56363636363636
51747,53.054545454545455
51748,55.81818181818182
51749,129.6727272727273
51750,46.03636363636364
51751,266.6909090909091
51752,130.29090909090908
51753,108.87272727272727
51754,106.4
51755,154.76363636363635
51756,70.36363636363636
51757,116.58181818181818
51758,53.6
51759,236.83636363636364
51760,77.27272727272727
51761,134.76363636363635
51762,108.14545454545454
51763,83.7090909090909
51764,105.85454545454546
51765,60.43636363636364
51766,52.25454545454546
51767,55.27272727272727
51768,82.32727272727273
51769,52.836363636363636
51770,65.05454545454545
51771,46.0
51772,74.10909090909091
51773,183.0909090909091
51774,70.98181818181818
51775,56.07272727272727
51776,62.43636363636364
51777,98.07272727272728
51778,108.2909090909091
51779,84.21818181818182
51780,53.41818181818182
51781,46.8
51782,63.85454545454545
51783,73.01818181818182
51784,156.21818181818182
51785,107.23636363636363
51786,84.8
51787,50.8
51788,86.10909090909091
51789,110.32727272727273
51790,113.6
51791,37.63636363636363
51792,46.58181818181818
51793,334.58181818181816
51794,47.054545454545455
51795,111.52727272727273
51796,59.41818181818182
51797,93.74545454545455
51798,236.61818181818182
51799,120.0
51800,69.74545454545455
51801,355.92727272727274
51802,42.90909090909091
51803,54.25454545454546
51804,96.14545454545454
51805,75.92727272727272
51806,59.45454545454545
51807,54.981818181818184
51808,96.72727272727273
51809,53.78181818181818
51810,84.0
51811,121.74545454545455
51812,154.03636363636363
51813,231.12727272727273
51814,414.07272727272726
51815,78.07272727272728
51816,50.763636363636365
51817,65.05454545454545
51818,52.8
51819,113.81818181818181
51820,52.69090909090909
51821,50.945454545454545
51822,50.0
51823,43.2
51824,44.50909090909091
51825,82.2909090909091
51826,211.78181818181818
51827,70.10909090909091
51828,43.018181818181816
51829,55.67272727272727
51830,132.72727272727272
51831,75.27272727272727
51832,66.87272727272727
51833,172.3272727272727
51834,132.1090909090909
51835,45.527272727272724
51836,49.49090909090909
51837,65.92727272727272
51838,60.61818181818182
51839,59.89090909090909
51840,65.34545454545454
51841,87.38181818181818
51842,126.61818181818182
51843,79.41818181818182
51844,96.65454545454546
51845,111.63636363636364
51846,59.163636363636364
51847,79.38181818181818
51848,123.81818181818181
51849,57.56363636363636
51850,183.70909090909092
51851,66.65454545454546
51852,66.47272727272727
51853,107.38181818181818
51854,67.16363636363636
51855,304.25454545454545
51856,77.34545454545454
51857,252.0
51858,116.94545454545455
51859,68.21818181818182
51860,43.63636363636363
51861,90.0
51862,230.14545454545456
51863,305.09090909090907
51864,57.6
51865,69.45454545454545
51866,56.69090909090909
51867,47.41818181818182
51868,94.58181818181818
51869,54.8
51870,53.56363636363636
51871,81.85454545454546
51872,56.43636363636364
51873,58.54545454545455
51874,55.70909090909091
51875,90.10909090909091
51876,96.9090909090909
51877,63.6
51878,50.836363636363636
51879,65.78181818181818
51880,90.58181818181818
51881,58.763636363636365
51882,85.27272727272727
51883,108.76363636363637
51884,80.32727272727273
51885,50.90909090909091
51886,49.56363636363636
51887,115.45454545454545
51888,76.25454545454545
51889,52.72727272727273
51890,59.56363636363636
51891,58.10909090909091
51892,48.32727272727273
51893,218.83636363636364
51894,125.05454545454545
51895,44.872727272727275
51896,79.96363636363637
51897,70.18181818181819
51898,82.43636363636364
51899,314.6909090909091
51900,59.41818181818182
51901,66.9090909090909
51902,53.41818181818182
51903,55.38181818181818
51904,39.6
51905,73.92727272727272
51906,218.4
51907,95.27272727272727
51908,96.47272727272727
51909,69.30909090909091
51910,46.836363636363636
51911,114.4
51912,53.6
51913,239.4181818181818
51914,160.1090909090909
51915,86.4
51916,101.85454545454546
51917,101.96363636363637
51918,47.63636363636363
51919,57.63636363636363
51920,41.345454545454544
51921,158.14545454545456
51922,61.78181818181818
51923,202.54545454545453
51924,56.10909090909091
51925,128.47272727272727
51926,258.90909090909093
51927,78.21818181818182
51928,97.74545454545455
51929,84.87272727272727
51930,132.98181818181817
51931,100.21818181818182
51932,145.52727272727273
51933,47.78181818181818
51934,264.54545454545456
51935,41.45454545454545
51936,60.763636363636365
51937,54.0
51938,155.05454545454546
51939,70.0
51940,122.58181818181818
51941,77.34545454545454
51942,245.2
51943,50.36363636363637
51944,58.72727272727273
51945,195.85454545454544
51946,118.61818181818182
51947,263.27272727272725
51948,109.05454545454545
51949,40.61818181818182
51950,86.10909090909091
51951,74.98181818181818
51952,68.61818181818182
51953,61.38181818181818
51954,55.127272727272725
51955,52.18181818181818
51956,221.96363636363637
51957,96.50909090909092
51958,66.76363636363637
51959,65.12727272727273
51960,61.45454545454545
51961,55.49090909090909
51962,56.72727272727273
51963,70.98181818181818
51964,58.50909090909091
51965,44.8
51966,106.72727272727273
51967,53.49090909090909
51968,58.90909090909091
51969,59.45454545454545
51970,53.09090909090909
51971,58.90909090909091
51972,209.45454545454547
51973,185.6727272727273
51974,207.85454545454544
51975,54.50909090909091
51976,141.01818181818183
51977,295.23636363636365
51978,59.78181818181818
51979,53.345454545454544
51980,85.2
51981,48.07272727272727
51982,67.49090909090908
51983,71.34545454545454
51984,229.27272727272728
51985,70.4
51986,357.92727272727274
51987,107.52727272727273
51988,114.0
51989,96.72727272727273
51990,57.054545454545455
51991,49.92727272727273
51992,52.36363636363637
51993,59.63636363636363
51994,150.14545454545456
51995,42.21818181818182
51996,68.72727272727273
51997,40.654545454545456
51998,62.90909090909091
51999,55.63636363636363
52000,78.8
52001,62.8
52002,50.29090909090909
52003,51.96363636363636
52004,90.94545454545455
52005,44.872727272727275
52006,143.45454545454547
52007,52.25454545454546
52008,67.56363636363636
52009,106.4
52010,309.5272727272727
52011,54.07272727272727
52012,45.85454545454545
52013,54.58181818181818
52014,51.527272727272724
52015,161.56363636363636
52016,88.87272727272727
52017,143.16363636363636
52018,57.45454545454545
52019,91.23636363636363
52020,102.32727272727273
52021,53.30909090909091
52022,82.94545454545455
52023,61.63636363636363
52024,190.6909090909091
52025,74.87272727272727
52026,206.14545454545456
52027,60.72727272727273
52028,145.78181818181818
52029,120.83636363636364
52030,56.50909090909091
52031,101.67272727272727
52032,50.36363636363637
52033,57.74545454545454
52034,44.18181818181818
52035,69.67272727272727
52036,56.763636363636365
52037,62.654545454545456
52038,74.72727272727273
52039,66.18181818181819
52040,116.25454545454545
52041,57.85454545454545
52042,54.472727272727276
52043,165.16363636363636
52044,212.5090909090909
52045,98.43636363636364
52046,47.92727272727273
52047,101.96363636363637
52048,89.63636363636364
52049,49.49090909090909
52050,66.69090909090909
52051,224.9090909090909
52052,53.70909090909091
52053,282.4
52054,59.054545454545455
52055,70.47272727272727
52056,53.49090909090909
52057,63.236363636363635
52058,118.94545454545455
52059,103.2
52060,68.2909090909091
52061,122.0
52062,52.36363636363637
52063,323.5272727272727
52064,117.05454545454545
52065,44.872727272727275
52066,93.16363636363636
52067,118.0
52068,333.5272727272727
52069,40.29090909090909
52070,47.49090909090909
52071,383.8909090909091
52072,157.74545454545455
52073,39.127272727272725
52074,105.12727272727273
52075,61.89090909090909
52076,70.32727272727273
52077,43.85454545454545
52078,43.41818181818182
52079,65.01818181818182
52080,110.0
52081,58.36363636363637
52082,205.8181818181818
52083,61.85454545454545
52084,57.56363636363636
52085,56.14545454545455
52086,114.0
52087,89.12727272727273
52088,89.56363636363636
52089,46.50909090909091
52090,61.2
52091,158.98181818181817
52092,99.85454545454546
52093,40.472727272727276
52094,59.92727272727273
52095,50.14545454545455
52096,49.89090909090909
52097,87.2
52098,59.6
52099,49.38181818181818
52100,59.018181818181816
52101,54.69090909090909
52102,47.49090909090909
52103,97.23636363636363
52104,49.527272727272724
52105,63.38181818181818
52106,93.34545454545454
52107,84.76363636363637
52108,60.36363636363637
52109,180.29090909090908
52110,42.50909090909091
52111,187.0909090909091
52112,40.69090909090909
52113,113.56363636363636
52114,100.2909090909091
52115,88.61818181818182
52116,72.76363636363637
52117,59.41818181818182
52118,89.52727272727273
52119,56.25454545454546
52120,129.45454545454547
52121,223.16363636363636
52122,101.01818181818182
52123,54.69090909090909
52124,51.163636363636364
52125,307.6727272727273
52126,50.654545454545456
52127,58.03636363636364
52128,44.763636363636365
52129,112.87272727272727
52130,74.43636363636364
52131,143.92727272727274
52132,402.6909090909091
52133,55.41818181818182
52134,113.30909090909091
52135,84.87272727272727
52136,51.27272727272727
52137,43.054545454545455
52138,104.61818181818182
52139,116.25454545454545
52140,76.94545454545455
52141,111.85454545454546
52142,147.23636363636365
52143,108.10909090909091
52144,256.54545454545456
52145,94.54545454545455
52146,52.07272727272727
52147,243.52727272727273
52148,58.945454545454545
52149,95.05454545454545
52150,271.92727272727274
52151,52.58181818181818
52152,128.47272727272727
52153,65.96363636363637
52154,223.01818181818183
52155,244.03636363636363
52156,59.49090909090909
52157,100.9090909090909
52158,112.94545454545455
52159,47.127272727272725
52160,43.89090909090909
52161,62.50909090909091
52162,52.90909090909091
52163,61.74545454545454
52164,41.30909090909091
52165,69.6
52166,55.85454545454545
52167,140.1818181818182
52168,90.4
52169,44.50909090909091
52170,37.78181818181818
52171,144.25454545454545
52172,60.836363636363636
52173,217.16363636363636
52174,67.96363636363637
52175,35.92727272727273
52176,54.872727272727275
52177,39.49090909090909
52178,68.54545454545455
52179,186.3272727272727
52180,60.654545454545456
52181,56.472727272727276
52182,55.41818181818182
52183,54.18181818181818
52184,52.836363636363636
52185,44.90909090909091
52186,51.527272727272724
52187,79.74545454545455
52188,109.56363636363636
52189,97.34545454545454
52190,80.8
52191,92.72727272727273
52192,135.2
52193,41.89090909090909
52194,43.163636363636364
52195,55.018181818181816
52196,53.38181818181818
52197,50.21818181818182
52198,112.69090909090909
52199,42.36363636363637
52200,53.163636363636364
52201,38.763636363636365
52202,101.34545454545454
52203,106.83636363636364
52204,53.6
52205,59.018181818181816
52206,117.67272727272727
52207,88.18181818181819
52208,103.12727272727273
52209,46.0
52210,165.38181818181818
52211,57.74545454545454
52212,44.472727272727276
52213,94.69090909090909
52214,57.81818181818182
52215,64.43636363636364
52216,54.472727272727276
52217,188.03636363636363
52218,67.92727272727272
52219,81.38181818181818
52220,42.29090909090909
52221,47.78181818181818
52222,133.8909090909091
52223,110.10909090909091
52224,206.4
52225,42.21818181818182
52226,133.4909090909091
52227,46.10909090909091
52228,64.72727272727273
52229,80.25454545454545
52230,49.78181818181818
52231,125.01818181818182
52232,48.61818181818182
52233,73.27272727272727
52234,75.49090909090908
52235,83.23636363636363
52236,116.21818181818182
52237,63.67272727272727
52238,61.054545454545455
52239,49.63636363636363
52240,50.61818181818182
52241,58.03636363636364
52242,78.65454545454546
52243,69.49090909090908
52244,75.2
52245,133.6
52246,57.81818181818182
52247,95.30909090909091
52248,175.70909090909092
52249,37.27272727272727
52250,199.6727272727273
52251,43.45454545454545
52252,55.56363636363636
52253,95.81818181818181
52254,46.0
52255,57.6
52256,346.07272727272726
52257,72.2909090909091
52258,78.50909090909092
52259,45.74545454545454
52260,60.32727272727273
52261,52.763636363636365
52262,52.54545454545455
52263,181.45454545454547
52264,105.0909090909091
52265,59.054545454545455
52266,55.27272727272727
52267,74.76363636363637
52268,55.74545454545454
52269,130.29090909090908
52270,79.78181818181818
52271,60.654545454545456
52272,76.61818181818182
52273,146.98181818181817
52274,43.6
52275,108.4
52276,94.47272727272727
52277,75.92727272727272
52278,92.69090909090909
52279,58.8
52280,39.27272727272727
52281,51.127272727272725
52282,71.96363636363637
52283,191.85454545454544
52284,75.7090909090909
52285,148.43636363636364
52286,131.56363636363636
52287,52.43636363636364
52288,95.78181818181818
52289,61.92727272727273
52290,46.21818181818182
52291,70.72727272727273
52292,85.56363636363636
52293,264.0
52294,117.2
52295,66.50909090909092
52296,63.38181818181818
52297,45.054545454545455
52298,105.6
52299,47.6
52300,186.94545454545454
52301,276.9818181818182
52302,52.472727272727276
52303,74.65454545454546
52304,200.5090909090909
52305,119.2
52306,52.90909090909091
52307,235.96363636363637
52308,40.21818181818182
52309,61.527272727272724
52310,55.92727272727273
52311,106.18181818181819
52312,42.14545454545455
52313,87.81818181818181
52314,43.92727272727273
52315,57.78181818181818
52316,84.10909090909091
52317,119.41818181818182
52318,42.472727272727276
52319,46.03636363636364
52320,55.74545454545454
52321,57.74545454545454
52322,188.47272727272727
52323,65.49090909090908
52324,57.92727272727273
52325,275.1272727272727
52326,40.763636363636365
52327,54.10909090909091
52328,63.6
52329,78.9090909090909
52330,60.8
52331,318.07272727272726
52332,53.2
52333,55.2
52334,131.6
52335,99.96363636363637
52336,54.72727272727273
52337,38.8
52338,118.72727272727273
52339,324.6909090909091
52340,58.54545454545455
52341,104.50909090909092
52342,71.49090909090908
52343,61.67272727272727
52344,121.96363636363637
52345,59.6
52346,94.10909090909091
52347,163.4181818181818
52348,169.16363636363636
52349,81.38181818181818
52350,171.56363636363636
52351,42.07272727272727
52352,54.69090909090909
52353,46.21818181818182
52354,59.85454545454545
52355,108.8
52356,40.03636363636364
52357,87.45454545454545
52358,178.98181818181817
52359,56.61818181818182
52360,79.27272727272727
52361,49.49090909090909
52362,131.3090909090909
52363,75.78181818181818
52364,304.4
52365,63.09090909090909
52366,58.10909090909091
52367,61.2
52368,115.6
52369,70.03636363636363
52370,131.92727272727274
52371,50.50909090909091
52372,63.67272727272727
52373,87.05454545454545
52374,55.236363636363635
52375,91.49090909090908
52376,46.90909090909091
52377,124.07272727272728
52378,73.45454545454545
52379,187.6727272727273
52380,45.127272727272725
52381,58.14545454545455
52382,65.34545454545454
52383,175.4909090909091
52384,81.67272727272727
52385,189.52727272727273
52386,158.6909090909091
52387,134.21818181818182
52388,174.29090909090908
52389,58.58181818181818
52390,233.52727272727273
52391,143.27272727272728
52392,153.78181818181818
52393,134.21818181818182
52394,221.96363636363637
52395,102.10909090909091
52396,57.30909090909091
52397,48.07272727272727
52398,50.69090909090909
52399,61.81818181818182
52400,41.67272727272727
52401,80.58181818181818
52402,44.72727272727273
52403,54.8
52404,132.25454545454545
52405,99.89090909090909
52406,109.2
52407,67.05454545454545
52408,51.78181818181818
52409,60.836363636363636
52410,45.78181818181818
52411,47.163636363636364
52412,130.03636363636363
52413,77.81818181818181
52414,59.96363636363636
52415,101.85454545454546
52416,148.25454545454545
52417,110.18181818181819
52418,110.2909090909091
52419,100.2909090909091
52420,76.50909090909092
52421,48.0
52422,65.2
52423,282.07272727272726
52424,55.92727272727273
52425,91.78181818181818
52426,88.58181818181818
52427,108.61818181818182
52428,49.018181818181816
52429,49.70909090909091
52430,51.85454545454545
52431,54.50909090909091
52432,251.3090909090909
52433,50.872727272727275
52434,69.0909090909091
52435,102.25454545454545
52436,159.78181818181818
52437,55.78181818181818
52438,50.8
52439,57.6
52440,254.98181818181817
52441,54.61818181818182
52442,71.7090909090909
52443,81.49090909090908
52444,258.54545454545456
52445,77.78181818181818
52446,58.0
52447,191.96363636363637
52448,57.054545454545455
52449,98.47272727272727
52450,56.43636363636364
52451,57.78181818181818
52452,170.1090909090909
52453,64.10909090909091
52454,290.72727272727275
52455,81.0909090909091
52456,55.70909090909091
52457,57.2
52458,58.0
52459,71.0909090909091
52460,60.18181818181818
52461,71.67272727272727
52462,99.67272727272727
52463,46.836363636363636
52464,42.58181818181818
52465,113.96363636363637
52466,90.21818181818182
52467,54.54545454545455
52468,24.4
52469,81.0909090909091
52470,59.89090909090909
52471,37.70909090909091
52472,52.836363636363636
52473,308.54545454545456
52474,86.65454545454546
52475,55.38181818181818
52476,58.21818181818182
52477,38.14545454545455
52478,56.07272727272727
52479,55.27272727272727
52480,192.94545454545454
52481,131.52727272727273
52482,63.67272727272727
52483,59.63636363636363
52484,44.25454545454546
52485,53.85454545454545
52486,45.30909090909091
52487,62.54545454545455
52488,46.07272727272727
52489,160.4
52490,106.18181818181819
52491,40.90909090909091
52492,142.72727272727272
52493,94.50909090909092
52494,46.07272727272727
52495,46.03636363636364
52496,56.25454545454546
52497,64.10909090909091
52498,55.27272727272727
52499,52.72727272727273
52500,111.89090909090909
52501,40.25454545454546
52502,56.03636363636364
52503,91.2
52504,85.67272727272727
52505,97.85454545454546
52506,69.0909090909091
52507,88.94545454545455
52508,266.0
52509,44.945454545454545
52510,50.836363636363636
52511,43.054545454545455
52512,115.30909090909091
52513,45.70909090909091
52514,44.43636363636364
52515,96.65454545454546
52516,102.2909090909091
52517,90.2909090909091
52518,198.29090909090908
52519,108.07272727272728
52520,47.163636363636364
52521,59.63636363636363
52522,50.58181818181818
52523,49.6
52524,213.0909090909091
52525,90.07272727272728
52526,83.41818181818182
52527,239.6727272727273
52528,140.61818181818182
52529,193.05454545454546
52530,115.92727272727272
52531,116.2909090909091
52532,46.25454545454546
52533,47.345454545454544
52534,58.58181818181818
52535,62.36363636363637
52536,104.50909090909092
52537,85.7090909090909
52538,122.94545454545455
52539,51.018181818181816
52540,168.4
52541,51.018181818181816
52542,54.4
52543,48.763636363636365
52544,46.25454545454546
52545,53.27272727272727
52546,50.472727272727276
52547,42.43636363636364
52548,40.50909090909091
52549,84.21818181818182
52550,58.61818181818182
52551,52.10909090909091
52552,83.81818181818181
52553,143.12727272727273
52554,52.836363636363636
52555,59.345454545454544
52556,62.10909090909091
52557,104.2909090909091
52558,115.67272727272727
52559,116.83636363636364
52560,61.09090909090909
52561,53.56363636363636
52562,43.56363636363636
52563,75.16363636363636
52564,54.18181818181818
52565,55.6
52566,227.23636363636365
52567,94.43636363636364
52568,308.3272727272727
52569,52.472727272727276
52570,121.12727272727273
52571,43.67272727272727
52572,79.27272727272727
52573,352.03636363636366
52574,70.14545454545454
52575,45.49090909090909
52576,59.163636363636364
52577,108.0
52578,44.25454545454546
52579,88.87272727272727
52580,217.85454545454544
52581,63.09090909090909
52582,36.945454545454545
52583,62.29090909090909
52584,57.6
52585,49.63636363636363
52586,48.54545454545455
52587,85.12727272727273
52588,66.65454545454546
52589,67.89090909090909
52590,107.78181818181818
52591,239.2
52592,49.92727272727273
52593,75.27272727272727
52594,115.41818181818182
52595,77.92727272727272
52596,50.763636363636365
52597,55.45454545454545
52598,60.763636363636365
52599,102.25454545454545
52600,141.3090909090909
52601,57.67272727272727
52602,104.76363636363637
52603,52.90909090909091
52604,67.85454545454546
52605,96.18181818181819
52606,87.49090909090908
52607,59.81818181818182
52608,64.83636363636364
52609,121.56363636363636
52610,98.36363636363636
52611,204.72727272727272
52612,139.56363636363636
52613,48.69090909090909
52614,89.45454545454545
52615,60.21818181818182
52616,51.345454545454544
52617,457.8909090909091
52618,322.54545454545456
52619,342.8363636363636
52620,191.38181818181818
52621,404.1454545454545
52622,42.4
52623,52.472727272727276
52624,312.6545454545454
52625,37.27272727272727
52626,78.4
52627,48.90909090909091
52628,85.6
52629,70.65454545454546
52630,140.43636363636364
52631,97.56363636363636
52632,43.81818181818182
52633,74.8
52634,85.49090909090908
52635,231.8181818181818
52636,84.98181818181818
52637,129.92727272727274
52638,79.12727272727273
52639,54.4
52640,77.12727272727273
52641,61.49090909090909
52642,55.89090909090909
52643,296.43636363636364
52644,105.01818181818182
52645,83.7090909090909
52646,64.94545454545455
52647,71.23636363636363
52648,131.8909090909091
52649,81.49090909090908
52650,107.89090909090909
52651,59.92727272727273
52652,151.12727272727273
52653,44.61818181818182
52654,63.527272727272724
52655,100.69090909090909
52656,58.03636363636364
52657,90.07272727272728
52658,39.56363636363636
52659,52.29090909090909
52660,148.36363636363637
52661,72.54545454545455
52662,253.70909090909092
52663,95.01818181818182
52664,55.236363636363635
52665,56.36363636363637
52666,179.4181818181818
52667,76.9090909090909
52668,243.63636363636363
52669,91.6
52670,48.14545454545455
52671,74.43636363636364
52672,72.0
52673,57.63636363636363
52674,55.054545454545455
52675,93.05454545454545
52676,49.345454545454544
52677,236.21818181818182
52678,138.36363636363637
52679,147.16363636363636
52680,42.21818181818182
52681,60.21818181818182
52682,53.38181818181818
52683,125.7090909090909
52684,57.92727272727273
52685,108.14545454545454
52686,43.67272727272727
52687,151.8909090909091
52688,49.92727272727273
52689,53.89090909090909
52690,205.38181818181818
52691,106.10909090909091
52692,78.9090909090909
52693,57.70909090909091
52694,65.0909090909091
52695,101.56363636363636
52696,54.90909090909091
52697,47.56363636363636
52698,52.14545454545455
52699,99.63636363636364
52700,85.41818181818182
52701,46.945454545454545
52702,56.25454545454546
52703,52.4
52704,82.36363636363636
52705,308.2181818181818
52706,86.2909090909091
52707,298.72727272727275
52708,48.50909090909091
52709,40.54545454545455
52710,43.2
52711,222.07272727272726
52712,47.6
52713,110.03636363636363
52714,99.85454545454546
52715,63.09090909090909
52716,134.25454545454545
52717,50.25454545454546
52718,66.32727272727273
52719,251.74545454545455
52720,51.74545454545454
52721,67.74545454545455
52722,131.3090909090909
52723,40.58181818181818
52724,109.78181818181818
52725,54.836363636363636
52726,50.50909090909091
52727,179.70909090909092
52728,66.0
52729,43.74545454545454
52730,41.41818181818182
52731,130.76363636363635
52732,95.92727272727272
52733,74.21818181818182
52734,61.85454545454545
52735,261.41818181818184
52736,100.18181818181819
52737,111.05454545454545
52738,60.25454545454546
52739,56.8
52740,58.58181818181818
52741,49.45454545454545
52742,53.96363636363636
52743,83.2
52744,93.7090909090909
52745,45.67272727272727
52746,93.34545454545454
52747,89.23636363636363
52748,41.70909090909091
52749,72.0
52750,43.85454545454545
52751,117.49090909090908
52752,85.23636363636363
52753,39.45454545454545
52754,52.32727272727273
52755,43.27272727272727
52756,106.87272727272727
52757,88.25454545454545
52758,131.8181818181818
52759,226.1090909090909
52760,80.83636363636364
52761,54.72727272727273
52762,56.14545454545455
52763,58.872727272727275
52764,256.0
52765,81.23636363636363
52766,125.85454545454546
52767,33.96363636363636
52768,62.872727272727275
52769,167.56363636363636
52770,100.61818181818182
52771,51.70909090909091
52772,56.8
52773,56.4
52774,68.21818181818182
52775,49.38181818181818
52776,85.7090909090909
52777,267.8181818181818
52778,61.96363636363636
52779,51.27272727272727
52780,60.03636363636364
52781,63.30909090909091
52782,146.65454545454546
52783,72.8
52784,55.127272727272725
52785,163.96363636363637
52786,57.236363636363635
52787,61.56363636363636
52788,100.03636363636363
52789,62.472727272727276
52790,249.92727272727274
52791,45.92727272727273
52792,39.2
52793,179.52727272727273
52794,121.27272727272727
52795,54.981818181818184
52796,89.23636363636363
52797,54.654545454545456
52798,171.4181818181818
52799,123.01818181818182
52800,48.43636363636364
52801,146.25454545454545
52802,415.3090909090909
52803,39.78181818181818
52804,98.50909090909092
52805,85.30909090909091
52806,127.49090909090908
52807,79.89090909090909
52808,60.18181818181818
52809,138.5090909090909
52810,61.67272727272727
52811,71.81818181818181
52812,94.03636363636363
52813,47.345454545454544
52814,165.74545454545455
52815,158.3272727272727
52816,341.56363636363636
52817,134.25454545454545
52818,56.945454545454545
52819,284.1818181818182
52820,46.472727272727276
52821,115.34545454545454
52822,67.89090909090909
52823,45.96363636363636
52824,48.69090909090909
52825,45.85454545454545
52826,55.96363636363636
52827,50.54545454545455
52828,47.49090909090909
52829,67.05454545454545
52830,50.50909090909091
52831,73.41818181818182
52832,112.14545454545454
52833,215.56363636363636
52834,107.0909090909091
52835,54.29090909090909
52836,39.27272727272727
52837,65.7090909090909
52838,51.30909090909091
52839,96.47272727272727
52840,59.89090909090909
52841,225.34545454545454
52842,60.4
52843,53.96363636363636
52844,55.89090909090909
52845,88.9090909090909
52846,55.67272727272727
52847,39.2
52848,39.89090909090909
52849,48.872727272727275
52850,98.58181818181818
52851,58.03636363636364
52852,58.14545454545455
52853,84.76363636363637
52854,52.50909090909091
52855,43.81818181818182
52856,108.21818181818182
52857,333.45454545454544
52858,131.05454545454546
52859,160.94545454545454
52860,80.61818181818182
52861,44.872727272727275
52862,44.8
52863,76.65454545454546
52864,68.76363636363637
52865,206.14545454545456
52866,93.0909090909091
52867,63.78181818181818
52868,59.78181818181818
52869,50.54545454545455
52870,94.4
52871,230.3272727272727
52872,228.25454545454545
52873,99.2
52874,54.8
52875,54.8
52876,287.56363636363636
52877,57.63636363636363
52878,73.05454545454545
52879,62.72727272727273
52880,47.018181818181816
52881,55.163636363636364
52882,91.0909090909091
52883,87.34545454545454
52884,101.52727272727273
52885,72.8
52886,73.52727272727273
52887,50.03636363636364
52888,103.52727272727273
52889,61.018181818181816
52890,86.21818181818182
52891,57.63636363636363
52892,59.85454545454545
52893,97.7090909090909
52894,40.472727272727276
52895,38.872727272727275
52896,47.92727272727273
52897,43.527272727272724
52898,58.50909090909091
52899,57.163636363636364
52900,140.87272727272727
52901,89.45454545454545
52902,92.65454545454546
52903,72.03636363636363
52904,61.054545454545455
52905,35.92727272727273
52906,71.23636363636363
52907,59.6
52908,41.81818181818182
52909,245.01818181818183
52910,48.61818181818182
52911,44.981818181818184
52912,133.8181818181818
52913,56.72727272727273
52914,147.4909090909091
52915,47.74545454545454
52916,65.74545454545455
52917,286.8
52918,72.98181818181818
52919,126.69090909090909
52920,211.34545454545454
52921,39.92727272727273
52922,138.98181818181817
52923,57.054545454545455
52924,72.58181818181818
52925,85.16363636363636
52926,56.654545454545456
52927,66.10909090909091
52928,240.61818181818182
52929,64.61818181818182
52930,64.25454545454545
52931,62.72727272727273
52932,57.70909090909091
52933,54.36363636363637
52934,97.6
52935,168.5090909090909
52936,64.21818181818182
52937,112.58181818181818
52938,162.61818181818182
52939,60.32727272727273
52940,51.78181818181818
52941,150.98181818181817
52942,149.4181818181818
52943,73.12727272727273
52944,45.2
52945,48.872727272727275
52946,58.69090909090909
52947,39.49090909090909
52948,44.872727272727275
52949,109.2
52950,49.345454545454544
52951,56.69090909090909
52952,28.545454545454547
52953,50.90909090909091
52954,111.49090909090908
52955,39.345454545454544
52956,39.38181818181818
52957,100.03636363636363
52958,63.2
52959,125.16363636363636
52960,32.43636363636364
52961,94.8
52962,62.4
52963,46.872727272727275
52964,109.34545454545454
52965,64.58181818181818
52966,308.58181818181816
52967,59.78181818181818
52968,269.05454545454546
52969,50.0
52970,58.50909090909091
52971,55.38181818181818
52972,78.50909090909092
52973,248.76363636363635
52974,216.65454545454546
52975,284.6545454545454
52976,52.4
52977,77.63636363636364
52978,177.92727272727274
52979,57.85454545454545
52980,68.76363636363637
52981,55.2
52982,276.2909090909091
52983,88.10909090909091
52984,58.36363636363637
52985,63.236363636363635
52986,45.2
52987,111.16363636363636
52988,274.4
52989,65.7090909090909
52990,39.74545454545454
52991,63.41818181818182
52992,49.49090909090909
52993,289.3090909090909
52994,54.29090909090909
52995,50.69090909090909
52996,69.63636363636364
52997,42.25454545454546
52998,172.94545454545454
52999,66.9090909090909
53000,46.8
53001,103.05454545454545
53002,124.98181818181818
53003,183.6
53004,258.8
53005,66.25454545454545
53006,64.25454545454545
53007,45.527272727272724
53008,49.56363636363636
53009,50.90909090909091
53010,64.54545454545455
53011,104.32727272727273
53012,47.78181818181818
53013,113.63636363636364
53014,320.6181818181818
53015,45.41818181818182
53016,266.58181818181816
53017,80.0
53018,30.581818181818182
53019,222.14545454545456
53020,121.85454545454546
53021,84.54545454545455
53022,236.9090909090909
53023,83.89090909090909
53024,45.49090909090909
53025,83.67272727272727
53026,38.14545454545455
53027,74.9090909090909
53028,110.21818181818182
53029,60.10909090909091
53030,36.472727272727276
53031,97.30909090909091
53032,48.14545454545455
53033,56.50909090909091
53034,279.05454545454546
53035,74.0
53036,41.89090909090909
53037,86.2909090909091
53038,58.72727272727273
53039,85.30909090909091
53040,57.81818181818182
53041,225.52727272727273
53042,113.01818181818182
53043,138.98181818181817
53044,57.49090909090909
53045,268.4
53046,44.50909090909091
53047,162.72727272727272
53048,59.41818181818182
53049,52.981818181818184
53050,117.23636363636363
53051,41.78181818181818
53052,110.72727272727273
53053,87.52727272727273
53054,107.56363636363636
53055,59.67272727272727
53056,75.0909090909091
53057,84.4
53058,397.6
53059,69.67272727272727
53060,266.90909090909093
53061,61.018181818181816
53062,109.89090909090909
53063,56.50909090909091
53064,119.27272727272727
53065,48.54545454545455
53066,261.96363636363634
53067,303.74545454545455
53068,187.92727272727274
53069,59.85454545454545
53070,78.25454545454545
53071,72.14545454545454
53072,157.6727272727273
53073,77.85454545454546
53074,57.92727272727273
53075,57.89090909090909
53076,106.54545454545455
53077,46.872727272727275
53078,56.69090909090909
53079,127.96363636363637
53080,80.43636363636364
53081,64.65454545454546
53082,132.43636363636364
53083,52.03636363636364
53084,84.8
53085,257.5272727272727
53086,48.0
53087,66.76363636363637
53088,80.14545454545454
53089,82.03636363636363
53090,52.836363636363636
53091,49.527272727272724
53092,77.74545454545455
53093,147.45454545454547
53094,54.763636363636365
53095,59.67272727272727
53096,100.72727272727273
53097,123.41818181818182
53098,215.3090909090909
53099,94.98181818181818
53100,65.12727272727273
53101,62.763636363636365
53102,58.72727272727273
53103,234.1818181818182
53104,38.4
53105,56.872727272727275
53106,53.85454545454545
53107,69.2
53108,52.50909090909091
53109,82.72727272727273
53110,199.74545454545455
53111,236.61818181818182
53112,147.8909090909091
53113,93.81818181818181
53114,509.96363636363634
53115,81.16363636363636
53116,64.32727272727273
53117,57.45454545454545
53118,43.30909090909091
53119,202.87272727272727
53120,92.14545454545454
53121,77.30909090909091
53122,68.83636363636364
53123,247.52727272727273
53124,53.38181818181818
53125,79.85454545454546
53126,59.74545454545454
53127,66.98181818181818
53128,73.78181818181818
53129,61.74545454545454
53130,53.63636363636363
53131,48.61818181818182
53132,59.163636363636364
53133,78.69090909090909
53134,65.81818181818181
53135,115.27272727272727
53136,50.72727272727273
53137,64.32727272727273
53138,54.981818181818184
53139,58.872727272727275
53140,86.43636363636364
53141,85.78181818181818
53142,147.6727272727273
53143,39.74545454545454
53144,65.89090909090909
53145,199.4909090909091
53146,57.56363636363636
53147,137.85454545454544
53148,99.38181818181818
53149,123.81818181818181
53150,51.70909090909091
53151,208.72727272727272
53152,61.30909090909091
53153,60.763636363636365
53154,85.56363636363636
53155,122.32727272727273
53156,46.61818181818182
53157,64.83636363636364
53158,53.163636363636364
53159,46.36363636363637
53160,268.9818181818182
53161,188.87272727272727
53162,48.36363636363637
53163,98.32727272727273
53164,93.0909090909091
53165,62.58181818181818
53166,51.38181818181818
53167,77.74545454545455
53168,319.3818181818182
53169,109.23636363636363
53170,56.72727272727273
53171,57.236363636363635
53172,102.94545454545455
53173,58.07272727272727
53174,58.0
53175,244.65454545454546
53176,58.4
53177,80.03636363636363
53178,69.85454545454546
53179,141.70909090909092
53180,106.94545454545455
53181,146.87272727272727
53182,57.345454545454544
53183,44.472727272727276
53184,59.127272727272725
53185,60.10909090909091
53186,82.4
53187,55.6
53188,330.1090909090909
53189,32.43636363636364
53190,41.49090909090909
53191,51.345454545454544
53192,54.58181818181818
53193,259.7090909090909
53194,128.03636363636363
53195,48.14545454545455
53196,92.10909090909091
53197,44.10909090909091
53198,59.054545454545455
53199,114.72727272727273
53200,56.58181818181818
53201,122.07272727272728
53202,105.63636363636364
53203,56.945454545454545
53204,66.10909090909091
53205,62.54545454545455
53206,80.03636363636363
53207,135.96363636363637
53208,43.163636363636364
53209,42.36363636363637
53210,98.21818181818182
53211,122.2909090909091
53212,87.52727272727273
53213,98.72727272727273
53214,84.50909090909092
53215,56.69090909090909
53216,38.472727272727276
53217,63.054545454545455
53218,37.89090909090909
53219,127.0909090909091
53220,71.49090909090908
53221,64.8
53222,77.7090909090909
53223,81.85454545454546
53224,76.58181818181818
53225,339.1636363636364
53226,138.43636363636364
53227,55.92727272727273
53228,70.54545454545455
53229,48.03636363636364
53230,39.70909090909091
53231,113.45454545454545
53232,93.63636363636364
53233,127.89090909090909
53234,73.01818181818182
53235,180.07272727272726
53236,343.7090909090909
53237,60.58181818181818
53238,65.01818181818182
53239,76.21818181818182
53240,75.89090909090909
53241,91.56363636363636
53242,103.05454545454545
53243,117.49090909090908
53244,60.4
53245,55.63636363636363
53246,57.63636363636363
53247,88.69090909090909
53248,32.21818181818182
53249,56.4
53250,98.18181818181819
53251,63.81818181818182
53252,273.1636363636364
53253,66.58181818181818
53254,57.127272727272725
53255,92.83636363636364
53256,308.25454545454545
53257,114.0
53258,53.49090909090909
53259,82.8
53260,124.61818181818182
53261,240.76363636363635
53262,117.05454545454545
53263,129.92727272727274
53264,86.36363636363636
53265,146.21818181818182
53266,138.0
53267,48.472727272727276
53268,102.61818181818182
53269,62.18181818181818
53270,234.0
53271,64.07272727272728
53272,63.127272727272725
53273,58.18181818181818
53274,373.6
53275,106.87272727272727
53276,108.94545454545455
53277,51.527272727272724
53278,138.1818181818182
53279,219.23636363636365
53280,54.54545454545455
53281,49.89090909090909
53282,43.236363636363635
53283,47.2
53284,66.0
53285,66.07272727272728
53286,93.38181818181818
53287,50.61818181818182
53288,56.4
53289,76.03636363636363
53290,31.527272727272727
53291,83.56363636363636
53292,46.872727272727275
53293,92.83636363636364
53294,34.32727272727273
53295,51.345454545454544
53296,56.981818181818184
53297,44.10909090909091
53298,104.50909090909092
53299,62.25454545454546
53300,130.72727272727272
53301,53.09090909090909
53302,57.81818181818182
53303,87.89090909090909
53304,179.34545454545454
53305,67.34545454545454
53306,45.527272727272724
53307,52.763636363636365
53308,112.2909090909091
53309,69.41818181818182
53310,119.81818181818181
53311,49.81818181818182
53312,59.41818181818182
53313,50.07272727272727
53314,45.30909090909091
53315,27.70909090909091
53316,54.872727272727275
53317,279.8545454545455
53318,154.25454545454545
53319,51.6
53320,66.10909090909091
53321,139.27272727272728
53322,100.8
53323,133.4909090909091
53324,92.72727272727273
53325,126.0
53326,87.56363636363636
53327,295.3090909090909
53328,54.981818181818184
53329,184.83636363636364
53330,102.18181818181819
53331,88.36363636363636
53332,46.69090909090909
53333,53.85454545454545
53334,47.09090909090909
53335,76.8
53336,57.30909090909091
53337,62.654545454545456
53338,68.65454545454546
53339,295.6
53340,91.52727272727273
53341,334.4
53342,99.16363636363636
53343,107.45454545454545
53344,55.92727272727273
53345,43.236363636363635
53346,128.76363636363635
53347,355.7090909090909
53348,85.0909090909091
53349,243.4181818181818
53350,131.38181818181818
53351,314.9818181818182
53352,41.89090909090909
53353,120.69090909090909
53354,98.25454545454545
53355,49.74545454545454
53356,54.50909090909091
53357,82.43636363636364
53358,42.25454545454546
53359,386.54545454545456
53360,71.6
53361,54.29090909090909
53362,258.54545454545456
53363,37.38181818181818
53364,145.52727272727273
53365,39.78181818181818
53366,54.03636363636364
53367,38.654545454545456
53368,77.7090909090909
53369,33.527272727272724
53370,202.4
53371,93.12727272727273
53372,59.49090909090909
53373,127.0909090909091
53374,75.0909090909091
53375,59.27272727272727
53376,64.18181818181819
53377,90.18181818181819
53378,143.8181818181818
53379,110.54545454545455
53380,97.52727272727273
53381,82.0
53382,52.43636363636364
53383,67.74545454545455
53384,54.21818181818182
53385,340.1090909090909
53386,105.92727272727272
53387,60.18181818181818
53388,67.12727272727273
53389,87.74545454545455
53390,40.763636363636365
53391,100.50909090909092
53392,42.36363636363637
53393,56.29090909090909
53394,50.10909090909091
53395,53.96363636363636
53396,76.98181818181818
53397,32.872727272727275
53398,33.89090909090909
53399,51.236363636363635
53400,40.10909090909091
53401,103.12727272727273
53402,55.6
53403,74.87272727272727
53404,155.34545454545454
53405,231.4909090909091
53406,102.0
53407,54.0
53408,60.21818181818182
53409,61.67272727272727
53410,38.29090909090909
53411,60.21818181818182
53412,54.872727272727275
53413,55.81818181818182
53414,81.89090909090909
53415,52.945454545454545
53416,137.6
53417,73.38181818181818
53418,81.23636363636363
53419,60.981818181818184
53420,82.61818181818182
53421,189.23636363636365
53422,263.8909090909091
53423,164.9090909090909
53424,87.78181818181818
53425,260.58181818181816
53426,65.2
53427,126.07272727272728
53428,113.16363636363636
53429,54.29090909090909
53430,75.96363636363637
53431,58.18181818181818
53432,39.56363636363636
53433,306.07272727272726
53434,214.54545454545453
53435,50.61818181818182
53436,58.54545454545455
53437,38.50909090909091
53438,43.92727272727273
53439,94.65454545454546
53440,56.36363636363637
53441,81.30909090909091
53442,62.36363636363637
53443,41.96363636363636
53444,47.89090909090909
53445,42.21818181818182
53446,51.527272727272724
53447,43.67272727272727
53448,57.96363636363636
53449,110.69090909090909
53450,61.63636363636363
53451,71.05454545454545
53452,144.1090909090909
53453,97.67272727272727
53454,111.05454545454545
53455,73.52727272727273
53456,61.345454545454544
53457,80.4
53458,166.1818181818182
53459,64.2909090909091
53460,43.49090909090909
53461,140.36363636363637
53462,102.72727272727273
53463,54.18181818181818
53464,104.61818181818182
53465,49.74545454545454
53466,92.58181818181818
53467,38.29090909090909
53468,384.8363636363636
53469,126.61818181818182
53470,238.83636363636364
53471,244.07272727272726
53472,42.4
53473,47.527272727272724
53474,42.25454545454546
53475,65.0909090909091
53476,50.4
53477,221.85454545454544
53478,79.49090909090908
53479,64.36363636363636
53480,135.16363636363636
53481,112.98181818181818
53482,74.32727272727273
53483,48.981818181818184
53484,93.96363636363637
53485,233.27272727272728
53486,172.07272727272726
53487,44.14545454545455
53488,73.16363636363636
53489,218.29090909090908
53490,56.836363636363636
53491,84.65454545454546
53492,53.163636363636364
53493,93.41818181818182
53494,58.43636363636364
53495,133.0909090909091
53496,116.18181818181819
53497,105.41818181818182
53498,46.32727272727273
53499,54.21818181818182
53500,52.836363636363636
53501,184.47272727272727
53502,49.89090909090909
53503,58.07272727272727
53504,463.3454545454546
53505,87.74545454545455
53506,69.78181818181818
53507,229.23636363636365
53508,58.25454545454546
53509,55.96363636363636
53510,54.654545454545456
53511,52.945454545454545
53512,114.21818181818182
53513,46.21818181818182
53514,81.6
53515,60.69090909090909
53516,117.96363636363637
53517,216.8
53518,43.38181818181818
53519,65.45454545454545
53520,66.72727272727273
53521,36.981818181818184
53522,63.92727272727273
53523,59.74545454545454
53524,55.96363636363636
53525,39.92727272727273
53526,40.54545454545455
53527,142.25454545454545
53528,158.98181818181817
53529,53.2
53530,40.43636363636364
53531,53.127272727272725
53532,95.41818181818182
53533,59.018181818181816
53534,75.27272727272727
53535,85.38181818181818
53536,176.6909090909091
53537,55.236363636363635
53538,242.6909090909091
53539,144.14545454545456
53540,53.09090909090909
53541,169.34545454545454
53542,54.90909090909091
53543,154.94545454545454
53544,56.61818181818182
53545,118.43636363636364
53546,48.69090909090909
53547,88.36363636363636
53548,138.47272727272727
53549,80.07272727272728
53550,53.27272727272727
53551,238.21818181818182
53552,63.63636363636363
53553,42.50909090909091
53554,61.78181818181818
53555,63.74545454545454
53556,68.58181818181818
53557,53.163636363636364
53558,61.38181818181818
53559,57.89090909090909
53560,186.1090909090909
53561,62.61818181818182
53562,104.0
53563,60.61818181818182
53564,58.36363636363637
53565,115.96363636363637
53566,63.345454545454544
53567,73.89090909090909
53568,73.7090909090909
53569,107.38181818181818
53570,126.76363636363637
53571,61.163636363636364
53572,61.2
53573,64.18181818181819
53574,47.6
53575,78.61818181818182
53576,105.63636363636364
53577,115.89090909090909
53578,104.83636363636364
53579,78.83636363636364
53580,111.05454545454545
53581,92.4
53582,74.98181818181818
53583,54.10909090909091
53584,117.23636363636363
53585,155.52727272727273
53586,40.8
53587,52.90909090909091
53588,73.23636363636363
53589,54.69090909090909
53590,58.14545454545455
53591,316.72727272727275
53592,103.16363636363636
53593,365.3090909090909
53594,80.83636363636364
53595,58.763636363636365
53596,128.83636363636364
53597,300.6181818181818
53598,61.27272727272727
53599,39.96363636363636
53600,72.03636363636363
53601,50.61818181818182
53602,44.32727272727273
53603,67.30909090909091
53604,116.54545454545455
53605,68.21818181818182
53606,105.67272727272727
53607,419.5272727272727
53608,179.23636363636365
53609,387.05454545454546
53610,74.50909090909092
53611,121.27272727272727
53612,64.94545454545455
53613,61.70909090909091
53614,51.92727272727273
53615,61.09090909090909
53616,74.65454545454546
53617,123.05454545454545
53618,125.6
53619,137.63636363636363
53620,36.36363636363637
53621,63.527272727272724
53622,319.3454545454546
53623,46.18181818181818
53624,63.163636363636364
53625,65.0909090909091
53626,235.56363636363636
53627,66.83636363636364
53628,79.7090909090909
53629,60.836363636363636
53630,65.89090909090909
53631,35.163636363636364
53632,183.78181818181818
53633,65.34545454545454
53634,55.89090909090909
53635,53.49090909090909
53636,56.07272727272727
53637,40.0
53638,79.63636363636364
53639,55.6
53640,78.25454545454545
53641,57.96363636363636
53642,129.8181818181818
53643,57.92727272727273
53644,41.56363636363636
53645,45.92727272727273
53646,96.76363636363637
53647,142.8
53648,53.74545454545454
53649,61.45454545454545
53650,131.38181818181818
53651,82.54545454545455
53652,81.7090909090909
53653,60.0
53654,111.45454545454545
53655,43.345454545454544
53656,60.25454545454546
53657,107.92727272727272
53658,116.47272727272727
53659,50.90909090909091
53660,58.8
53661,294.72727272727275
53662,116.87272727272727
53663,135.63636363636363
53664,52.872727272727275
53665,404.90909090909093
53666,120.72727272727273
53667,50.69090909090909
53668,51.018181818181816
53669,112.94545454545455
53670,70.61818181818182
53671,158.5818181818182
53672,50.945454545454545
53673,45.345454545454544
53674,46.763636363636365
53675,112.8
53676,45.09090909090909
53677,55.49090909090909
53678,123.30909090909091
53679,57.85454545454545
53680,139.16363636363636
53681,60.14545454545455
53682,78.50909090909092
53683,56.90909090909091
53684,101.74545454545455
53685,149.38181818181818
53686,153.52727272727273
53687,55.38181818181818
53688,58.43636363636364
53689,126.98181818181818
53690,84.2909090909091
53691,58.58181818181818
53692,129.70909090909092
53693,73.67272727272727
53694,43.78181818181818
53695,74.03636363636363
53696,170.5818181818182
53697,251.4181818181818
53698,198.21818181818182
53699,63.70909090909091
53700,320.07272727272726
53701,151.16363636363636
53702,60.58181818181818
53703,48.981818181818184
53704,89.52727272727273
53705,112.14545454545454
53706,86.83636363636364
53707,64.72727272727273
53708,40.981818181818184
53709,73.92727272727272
53710,60.54545454545455
53711,98.98181818181818
53712,38.945454545454545
53713,61.236363636363635
53714,52.03636363636364
53715,164.47272727272727
53716,36.61818181818182
53717,107.27272727272727
53718,204.54545454545453
53719,62.54545454545455
53720,57.49090909090909
53721,76.58181818181818
53722,48.90909090909091
53723,81.16363636363636
53724,54.0
53725,70.9090909090909
53726,146.21818181818182
53727,88.87272727272727
53728,62.4
53729,362.03636363636366
53730,56.872727272727275
53731,235.23636363636365
53732,52.654545454545456
53733,54.90909090909091
53734,51.45454545454545
53735,39.78181818181818
53736,80.10909090909091
53737,358.2181818181818
53738,55.45454545454545
53739,106.14545454545454
53740,115.49090909090908
53741,223.4181818181818
53742,80.21818181818182
53743,72.8
53744,63.2
53745,102.18181818181819
53746,89.01818181818182
53747,110.03636363636363
53748,80.54545454545455
53749,133.23636363636365
53750,53.85454545454545
53751,52.58181818181818
53752,58.981818181818184
53753,61.78181818181818
53754,42.654545454545456
53755,93.16363636363636
53756,54.654545454545456
53757,61.56363636363636
53758,62.32727272727273
53759,114.4
53760,145.3090909090909
53761,51.49090909090909
53762,48.50909090909091
53763,88.94545454545455
53764,56.872727272727275
53765,55.63636363636363
53766,60.32727272727273
53767,82.9090909090909
53768,146.5090909090909
53769,284.6181818181818
53770,59.56363636363636
53771,107.12727272727273
53772,248.5090909090909
53773,46.54545454545455
53774,313.0181818181818
53775,64.58181818181818
53776,52.21818181818182
53777,191.6
53778,360.25454545454545
53779,52.654545454545456
53780,84.69090909090909
53781,114.25454545454545
53782,57.41818181818182
53783,60.50909090909091
53784,60.472727272727276
53785,53.89090909090909
53786,51.96363636363636
53787,74.21818181818182
53788,36.72727272727273
53789,73.16363636363636
53790,76.25454545454545
53791,59.63636363636363
53792,86.98181818181818
53793,42.981818181818184
53794,51.41818181818182
53795,45.85454545454545
53796,67.78181818181818
53797,51.127272727272725
53798,61.345454545454544
53799,59.38181818181818
53800,344.1818181818182
53801,65.38181818181818
53802,221.52727272727273
53803,104.03636363636363
53804,49.2
53805,110.8
53806,48.8
53807,58.836363636363636
53808,53.81818181818182
53809,143.0909090909091
53810,206.8
53811,47.41818181818182
53812,45.345454545454544
53813,31.01818181818182
53814,59.85454545454545
53815,133.85454545454544
53816,115.74545454545455
53817,44.69090909090909
53818,109.81818181818181
53819,97.67272727272727
53820,39.30909090909091
53821,55.81818181818182
53822,58.25454545454546
53823,186.98181818181817
53824,70.2909090909091
53825,52.18181818181818
53826,78.4
53827,128.3272727272727
53828,57.67272727272727
53829,79.30909090909091
53830,80.54545454545455
53831,132.5090909090909
53832,65.7090909090909
53833,75.81818181818181
53834,210.25454545454545
53835,51.27272727272727
53836,101.85454545454546
53837,165.12727272727273
53838,68.65454545454546
53839,269.41818181818184
53840,57.89090909090909
53841,60.25454545454546
53842,64.2909090909091
53843,46.14545454545455
53844,310.8
53845,126.76363636363637
53846,57.054545454545455
53847,84.87272727272727
53848,47.6
53849,55.81818181818182
53850,96.43636363636364
53851,58.50909090909091
53852,347.6
53853,123.74545454545455
53854,91.78181818181818
53855,61.527272727272724
53856,222.94545454545454
53857,62.72727272727273
53858,87.6
53859,68.65454545454546
53860,50.58181818181818
53861,115.56363636363636
53862,49.92727272727273
53863,86.14545454545454
53864,105.23636363636363
53865,91.41818181818182
53866,71.56363636363636
53867,54.18181818181818
53868,41.2
53869,57.527272727272724
53870,84.58181818181818
53871,47.45454545454545
53872,69.30909090909091
53873,47.49090909090909
53874,60.07272727272727
53875,48.50909090909091
53876,99.23636363636363
53877,57.345454545454544
53878,95.63636363636364
53879,161.2
53880,55.74545454545454
53881,82.50909090909092
53882,54.43636363636364
53883,79.38181818181818
53884,47.236363636363635
53885,259.3090909090909
53886,86.8
53887,105.85454545454546
53888,41.81818181818182
53889,52.07272727272727
53890,147.23636363636365
53891,52.69090909090909
53892,52.54545454545455
53893,80.98181818181818
53894,249.0909090909091
53895,41.70909090909091
53896,50.36363636363637
53897,37.127272727272725
53898,52.54545454545455
53899,127.49090909090908
53900,132.47272727272727
53901,43.2
53902,239.63636363636363
53903,355.7090909090909
53904,50.18181818181818
53905,103.56363636363636
53906,93.81818181818181
53907,143.34545454545454
53908,59.74545454545454
53909,60.8
53910,40.14545454545455
53911,131.8181818181818
53912,288.90909090909093
53913,49.49090909090909
53914,35.78181818181818
53915,63.236363636363635
53916,66.18181818181819
53917,103.96363636363637
53918,48.54545454545455
53919,119.05454545454545
53920,90.43636363636364
53921,61.96363636363636
53922,57.30909090909091
53923,64.83636363636364
53924,46.69090909090909
53925,58.836363636363636
53926,79.63636363636364
53927,74.8
53928,114.54545454545455
53929,102.43636363636364
53930,89.81818181818181
53931,57.92727272727273
53932,122.9090909090909
53933,97.49090909090908
53934,87.89090909090909
53935,147.23636363636365
53936,54.61818181818182
53937,45.74545454545454
53938,65.16363636363636
53939,61.345454545454544
53940,117.16363636363636
53941,45.78181818181818
53942,57.236363636363635
53943,87.27272727272727
53944,74.69090909090909
53945,184.03636363636363
